frequencia,palavra
116,us
59,states
57,china
55,military
52,economic
49,united
48,continue
47,russia
45,influence
43,security
43,cyber
37,iran
35,including
35,capabilities
33,threat
33,political
31,likely
30,use
30,global
30,countries
30,assess
29,weapons
28,nuclear
27,groups
27,attacks
26,north
25,remain
25,interests
25,also
24,year
24,space
24,probably
24,foreign
23,human
22,operations
22,new
22,intelligence
22,infrastructure
22,government
22,efforts
22,chinese
21,risk
21,region
21,international
21,asia
20,information
20,could
19,threats
18,un
18,tensions
18,syria
18,south
18,sanctions
18,regime
18,national
18,isis
18,increase
18,challenges
18,attack
18,allies
17,services
17,seek
17,regional
17,korea
17,high
17,based
17,adversaries
16,years
16,strategic
16,key
16,iranian
16,increasing
16,growth
16,control
16,africa
15,systems
15,support
15,power
15,may
15,expand
14,violence
14,trade
14,range
14,elections
14,capable
14,almost
14,al
14,actors
13,public
13,president
13,partners
13,missile
13,iraq
13,india
13,east
13,continues
13,certainly
12,well
12,sea
12,russian
12,percent
12,past
12,n
12,forces
12,expect
12,espionage
12,election
12,despite
12,critical
12,conflict
12,access
11,western
11,violent
11,threaten
11,terrorist
11,social
11,saudi
11,pressure
11,one
11,oil
11,missiles
11,many
11,leaders
11,large
11,increased
11,diplomatic
11,competitors
10,would
10,using
10,southeast
10,risks
10,opposition
10,moscow
10,korean
10,increasingly
10,however
10,governments
10,e
10,beijing
10,advanced
10,ability
9,wmd
9,turkey
9,term
9,technologies
9,state
9,since
9,resources
9,remains
9,protests
9,present
9,policy
9,particularly
9,networks
9,middle
9,media
9,low
9,level
9,humanitarian
9,health
9,growing
9,energy
9,domestic
9,development
9,commercial
9,central
9,activities
8,world
8,trafficking
8,ties
8,technology
8,target
8,system
8,rights
8,r
8,pursue
8,production
8,online
8,next
8,mexico
8,make
8,long
8,local
8,improve
8,governance
8,gain
8,europe
8,emerging
8,effects
8,drug
8,develop
8,denuclearization
8,data
8,coming
8,challenge
8,ballistic
8,armed
8,allied
8,across
7,within
7,view
7,sudan
7,strike
7,significant
7,shape
7,several
7,sector
7,relations
7,programs
7,prices
7,potential
7,pakistan
7,ongoing
7,might
7,levels
7,led
7,lead
7,iraqi
7,financial
7,exploit
7,eu
7,especially
7,disrupt
7,discontent
7,developing
7,crisis
7,crime
7,country
7,corruption
7,cooperation
7,continued
7,conducted
7,community
7,change
7,campaign
7,areas
7,although
7,air
7,address
6,xi
6,views
6,unlikely
6,transnational
6,tools
6,territory
6,syrian
6,similar
6,see
6,scale
6,rise
6,reforms
6,reform
6,putin
6,progress
6,presidential
6,presence
6,poses
6,poor
6,policies
6,part
6,order
6,number
6,nonstate
6,near
6,million
6,migration
6,markets
6,major
6,maintain
6,leadership
6,law
6,late
6,institutions
6,ing
6,illicit
6,food
6,facing
6,ethnic
6,environment
6,engagement
6,displacement
6,disease
6,damage
6,competition
6,climate
6,civil
6,chemical
6,beyond
6,arabia
6,among
6,activity
5,yemen
5,warfare
5,used
5,unrest
5,undermine
5,uavs
5,try
5,toward
5,tension
5,targets
5,taiwan
5,synthetic
5,still
5,societal
5,slow
5,shia
5,sensitive
5,seeks
5,response
5,religious
5,reducing
5,pursuing
5,private
5,politically
5,plan
5,party
5,partnerships
5,overall
5,organizations
5,offensive
5,ng
5,natural
5,measures
5,means
5,materials
5,mass
5,manufacturing
5,libya
5,kim
5,jcpoa
5,issue
5,internal
5,interference
5,intent
5,intended
5,indian
5,imf
5,hold
5,held
5,gulf
5,gains
5,g
5,future
5,freedom
5,force
5,focus
5,faces
5,end
5,ed
5,economy
5,economies
5,drugs
5,disruptive
5,democratic
5,demand
5,cultivation
5,cruise
5,criminals
5,criminal
5,continuing
5,conflicts
5,conduct
5,companies
5,colombia
5,coalition
5,close
5,changes
5,capability
5,budget
5,benefits
5,attempt
5,asat
5,arms
5,anti
5,ai
5,adversary
5,advantage
5,additional
5,abroad
4,worldwide
4,west
4,weather
4,weak
4,ways
4,way
4,water
4,vulnerable
4,vehicle
4,variety
4,union
4,undermining
4,uae
4,two
4,traditional
4,theft
4,terrorism
4,technical
4,targeting
4,taking
4,take
4,sunni
4,standards
4,society
4,september
4,seeking
4,section
4,rule
4,resume
4,resulting
4,rely
4,regions
4,reduce
4,record
4,reach
4,push
4,publicly
4,prospects
4,promised
4,produce
4,process
4,possibly
4,position
4,pose
4,population
4,politics
4,persistent
4,persist
4,persian
4,perceived
4,people
4,peace
4,outlook
4,outbreak
4,organized
4,organization
4,opportunities
4,operational
4,objectives
4,need
4,nations
4,losses
4,limit
4,least
4,launched
4,last
4,largest
4,july
4,judge
4,january
4,investment
4,individuals
4,ic
4,huthi
4,greater
4,full
4,fuel
4,former
4,first
4,fentanyl
4,f
4,exports
4,exporters
4,even
4,enforcement
4,enable
4,el
4,diversify
4,direct
4,democracy
4,defense
4,cw
4,cuba
4,counterterrorism
4,communal
4,committee
4,citizens
4,cause
4,canada
4,c
4,build
4,border
4,billion
4,become
4,asian
4,around
4,anticipate
4,american
4,alter
4,already
4,agreements
4,agreement
4,agents
4,afghan
4,advance
4,according
3,work
3,washington
3,war
3,wants
3,vote
3,vladimir
3,venezuela
3,usmca
3,ukraine
3,uighurs
3,thousands
3,th
3,temporary
3,technological
3,tary
3,targeted
3,taliban
3,sustained
3,supremacist
3,supported
3,supply
3,struggle
3,structure
3,strengthen
3,strait
3,steps
3,steal
3,statement
3,sought
3,somalia
3,small
3,side
3,showing
3,ships
3,set
3,service
3,sectors
3,satellites
3,sam
3,salvador
3,safety
3,road
3,rising
3,retains
3,result
3,respectively
3,report
3,remaining
3,relief
3,relationship
3,recent
3,rapid
3,proxy
3,providing
3,proliferation
3,prime
3,positions
3,populations
3,popular
3,personnel
3,perceptions
3,parliament
3,pacific
3,pace
3,overseas
3,outbreaks
3,orbit
3,open
3,officials
3,obtain
3,obrador
3,notably
3,network
3,neighboring
3,nd
3,navigation
3,nato
3,multiple
3,movements
3,movement
3,move
3,mostly
3,months
3,mitigate
3,minister
3,militias
3,militant
3,mili
3,migrants
3,mid
3,mexican
3,members
3,meanwhile
3,march
3,manage
3,made
3,lower
3,longstanding
3,localized
3,limits
3,limited
3,legal
3,left
3,leading
3,launch
3,largely
3,land
3,l
3,kremlin
3,keep
3,jong
3,jinping
3,jihadist
3,issues
3,israel
3,irgc
3,introduce
3,interactions
3,intellectual
3,included
3,include
3,ice
3,hve
3,host
3,hormuz
3,hizballah
3,higher
3,hemisphere
3,hardliners
3,group
3,ground
3,grievances
3,goods
3,goal
3,generation
3,generally
3,following
3,focused
3,fighters
3,field
3,face
3,extremists
3,external
3,expanding
3,expanded
3,evasion
3,european
3,ethno
3,estimates
3,estimated
3,erode
3,environmental
3,ent
3,elites
3,either
3,economics
3,econom
3,ebola
3,eastern
3,earth
3,early
3,drc
3,draw
3,dozens
3,domains
3,disrupting
3,displaced
3,diseases
3,diminishing
3,difficult
3,developed
3,destruction
3,degradation
3,deep
3,december
3,decade
3,deal
3,ct
3,counterspace
3,counterintelligence
3,counter
3,cost
3,controlled
3,constitutional
3,confront
3,complex
3,complete
3,competitiveness
3,communications
3,communication
3,commodities
3,commitment
3,collect
3,coca
3,challenging
3,capacity
3,candidates
3,campaigns
3,call
3,business
3,building
3,brazil
3,bolster
3,bilateral
3,belt
3,becoming
3,battlefield
3,bases
3,baghdad
3,avoid
3,authorities
3,authoritarianism
3,austerity
3,assessment
3,arctic
3,approximately
3,appears
3,america
3,ambitions
3,allow
3,ahead
3,agent
3,afghanistan
3,affect
3,advances
3,acute
3,active
3,actions
3,able
2,worsened
2,weeks
2,weapon
2,weaken
2,wa
2,voting
2,vision
2,via
2,vessels
2,values
2,ussia
2,usper
2,unsc
2,underscored
2,uncertainty
2,unattributed
2,unable
2,ultranationalist
2,ukrainian
2,types
2,turn
2,turmoil
2,turkish
2,ts
2,trend
2,transportation
2,trading
2,trad
2,top
2,time
2,tied
2,throughout
2,three
2,threatening
2,third
2,think
2,tests
2,testing
2,test
2,terrorists
2,territorial
2,temperatures
2,tehran
2,taxes
2,tactics
2,sustain
2,survival
2,supporting
2,supporters
2,suggesting
2,suffer
2,successful
2,subsidies
2,submarine
2,structures
2,strong
2,stretched
2,strength
2,strain
2,stoke
2,stepped
2,steady
2,status
2,stability
2,st
2,spread
2,specific
2,sovereignty
2,source
2,sophisticated
2,soil
2,slower
2,situation
2,shows
2,ship
2,shabaab
2,setbacks
2,seems
2,secured
2,second
2,seas
2,science
2,sau
2,salman
2,sahel
2,safe
2,sa
2,ruling
2,rose
2,rival
2,revolutionary
2,revenues
2,revenue
2,return
2,retaliate
2,retain
2,restrictions
2,responsible
2,resource
2,resolutions
2,resistance
2,republic
2,reports
2,reporting
2,removed
2,remove
2,remote
2,relative
2,relationships
2,related
2,regain
2,refugees
2,reduced
2,reconstruction
2,reconciliation
2,recognize
2,recently
2,rebuilding
2,reached
2,rates
2,rate
2,rapprochement
2,radicalization
2,race
2,quantum
2,quality
2,pyongyang
2,purposes
2,provide
2,protected
2,protect
2,property
2,properties
2,promote
2,prominent
2,proliferate
2,projected
2,project
2,program
2,producing
2,probable
2,privacy
2,prince
2,primary
2,previously
2,previous
2,press
2,prepared
2,practices
2,powered
2,posts
2,post
2,possible
2,posing
2,posed
2,portions
2,politicians
2,plot
2,platforms
2,platform
2,placing
2,physical
2,petroleum
2,persons
2,permanent
2,performance
2,perceive
2,peninsula
2,peak
2,partner
2,p
2,outside
2,outcomes
2,options
2,opt
2,opportunity
2,opioid
2,operating
2,offset
2,observe
2,numerous
2,numbers
2,novel
2,northern
2,norms
2,nigeria
2,neither
2,neighbors
2,needs
2,necessary
2,ne
2,navy
2,naval
2,nationwide
2,nationalist
2,muslims
2,muslim
2,multilateral
2,muhammad
2,motivated
2,moreover
2,modernize
2,modernization
2,mobilization
2,mobility
2,minorities
2,message
2,men
2,material
2,maritime
2,mali
2,malaria
2,making
2,maintains
2,maintaining
2,maintained
2,maduro
2,lopez
2,locations
2,lng
2,living
2,lives
2,little
2,linked
2,lines
2,like
2,liberal
2,levers
2,less
2,legitimacy
2,legislative
2,lack
2,kurds
2,kurdish
2,known
2,kingdom
2,k
2,june
2,judging
2,israeli
2,ional
2,ion
2,investors
2,investments
2,introduction
2,interstate
2,internally
2,inter
2,integrate
2,insurgencies
2,institutional
2,instability
2,inspire
2,inside
2,insecurity
2,initiative
2,inflict
2,infectious
2,industry
2,indicated
2,indicate
2,independent
2,improving
2,improvements
2,imposed
2,implementation
2,impact
2,immigration
2,imagery
2,image
2,icbm
2,hypersonic
2,hves
2,huthis
2,house
2,hostile
2,homeland
2,homegrown
2,home
2,hindu
2,highly
2,highest
2,helping
2,hegemony
2,havens
2,harm
2,ha
2,h
2,guatemala
2,grow
2,greatest
2,great
2,good
2,glcm
2,give
2,germany
2,geopolitical
2,generates
2,gas
2,frequent
2,frequency
2,fragility
2,fragile
2,foster
2,foreword
2,floods
2,firms
2,fighting
2,fielded
2,february
2,favorable
2,favor
2,faso
2,far
2,famine
2,family
2,failed
2,facilitated
2,extremist
2,extreme
2,extent
2,export
2,explosive
2,expected
2,expectations
2,expansion
2,exp
2,exert
2,execute
2,exacerbating
2,eurasia
2,ethiopia
2,ethical
2,escalation
2,escalating
2,eroding
2,eradication
2,entities
2,ensure
2,enough
2,engage
2,enabled
2,employ
2,emphasize
2,elsewhere
2,effort
2,effective
2,ecosystems
2,easily
2,eas
2,earlier
2,dynamics
2,duque
2,droughts
2,drive
2,downward
2,dollar
2,distrust
2,distribution
2,disruptions
2,disruption
2,disrupted
2,dismantled
2,discussions
2,discussed
2,discourse
2,directly
2,different
2,died
2,diaz
2,di
2,device
2,determined
2,deter
2,detained
2,deployment
2,deploying
2,deploy
2,denial
2,demands
2,delivery
2,degrade
2,defenses
2,decline
2,declared
2,decisionmaking
2,debt
2,dealing
2,days
2,cwc
2,current
2,crown
2,cross
2,crop
2,crises
2,create
2,crackdown
2,crack
2,coup
2,council
2,costs
2,core
2,coordination
2,conventional
2,controls
2,controlling
2,contributor
2,contribute
2,contents
2,contend
2,congo
2,confidence
2,conducting
2,concessions
2,concerned
2,concern
2,compromise
2,comprehensive
2,competing
2,compared
2,communist
2,commodity
2,committed
2,commands
2,combined
2,combat
2,collaborate
2,clear
2,claimed
2,challenged
2,chairman
2,centers
2,cdc
2,casualties
2,cartel
2,car
2,capital
2,ca
2,burma
2,burkina
2,broad
2,bribery
2,brexit
2,bound
2,borders
2,boost
2,bjp
2,biotechnology
2,biological
2,bin
2,believes
2,battle
2,basic
2,bank
2,balkans
2,backed
2,average
2,available
2,availability
2,autonomy
2,authoritarian
2,audiences
2,attention
2,assistance
2,assets
2,asserts
2,assassination
2,asad
2,artificial
2,argentina
2,area
2,application
2,antiship
2,animals
2,americans
2,aligned
2,aid
2,aggressive
2,agenda
2,african
2,advantages
2,addition
2,acquire
2,achieve
2,accord
2,accelerate
2,academia
1,zimbabwe
1,zed
1,ypg
1,york
1,yemeni
1,yea
1,ye
1,xtortion
1,xinjiang
1,wto
1,worth
1,worsening
1,worsen
1,worse
1,worl
1,working
1,workers
1,wor
1,withdrawal
1,withdraw
1,wireless
1,willing
1,wildlife
1,wildfires
1,wider
1,wide
1,wi
1,whose
1,whole
1,whi
1,wh
1,wellintegrated
1,websites
1,weapo
1,wealth
1,weakness
1,waves
1,waters
1,watch
1,wary
1,warships
1,wars
1,warning
1,warner
1,warmer
1,warfighters
1,wal
1,wake
1,wages
1,votes
1,voter
1,volume
1,voices
1,voice
1,vital
1,violations
1,violation
1,violates
1,vil
1,vigilance
1,viewpoints
1,video
1,victory
1,victims
1,vice
1,ves
1,ventionism
1,venezuelans
1,veneer
1,variability
1,valued
1,valueadded
1,valuable
1,vacuums
1,vacuum
1,useu
1,uses
1,uschina
1,uruguay
1,ure
1,urbanization
1,urban
1,uranium
1,upward
1,uptive
1,ups
1,upheaval
1,upend
1,unwilling
1,unvarnished
1,untries
1,unstable
1,unsettled
1,unregulated
1,unprofessional
1,unpopular
1,unplanned
1,unmet
1,unmanned
1,unlicensed
1,unless
1,unjustly
1,unit
1,unintentional
1,unilateralism
1,unified
1,unidentified
1,unexpected
1,unemployment
1,underwater
1,undertaking
1,underscore
1,underlying
1,undergoing
1,undergoes
1,undercut
1,undecided
1,uncoordinated
1,uncertaint
1,unacceptable
1,um
1,ultimately
1,uk
1,uf
1,ublic
1,uary
1,ty
1,tutional
1,turnover
1,turkic
1,ture
1,turbulence
1,tuberculosis
1,trying
1,trusted
1,trust
1,tripoli
1,trinidad
1,trillion
1,tries
1,triangle
1,triad
1,trends
1,treaty
1,traveling
1,travel
1,transoceanic
1,transn
1,transmission
1,translate
1,transfers
1,transatlantic
1,transactions
1,trajectory
1,training
1,traffickers
1,traffic
1,tracking
1,toys
1,toxic
1,toship
1,torpedoes
1,topics
1,toolkits
1,tool
1,toll
1,token
1,tobago
1,tiyas
1,titutional
1,tional
1,tion
1,timing
1,times
1,timeline
1,timber
1,tilateralism
1,tightly
1,tightened
1,tighten
1,tibet
1,throughou
1,threatens
1,threatened
1,threate
1,thin
1,themes
1,thank
1,texas
1,ters
1,terroris
1,terror
1,terms
1,tenuous
1,tense
1,tems
1,teleco
1,techniques
1,taxableeconomy
1,tariffs
1,tariff
1,tankers
1,tank
1,tangible
1,tampering
1,tamp
1,tallying
1,tally
1,talent
1,tal
1,takes
1,taipei
1,tactical
1,tacitly
1,systemic
1,syst
1,sys
1,sy
1,sweden
1,sway
1,sustaining
1,sustainable
1,surveillance
1,surprise
1,surging
1,suppress
1,supports
1,suppo
1,supplying
1,supplies
1,suppliers
1,supplementing
1,superiority
1,superior
1,summits
1,summit
1,sufficient
1,suffers
1,suffering
1,successfully
1,success
1,substantial
1,subsequent
1,subsaharan
1,submarines
1,sub
1,su
1,study
1,struggling
1,struggl
1,structural
1,struck
1,strongholds
1,striking
1,strikes
1,strategy
1,strained
1,strai
1,storms
1,stockpiles
1,stockpile
1,stifle
1,sterling
1,step
1,steep
1,stee
1,stature
1,statements
1,stated
1,started
1,standoff
1,stance
1,stalemate
1,stagnant
1,staging
1,stage
1,stabilization
1,sraeli
1,spur
1,spreading
1,spratly
1,spot
1,sponsors
1,spheres
1,sphere
1,spending
1,spectrum
1,spearheaded
1,spare
1,spac
1,soviet
1,sources
1,softening
1,socie
1,socialism
1,smuggling
1,slvs
1,slv
1,slowed
1,slowdown
1,slowdow
1,sland
1,size
1,six
1,situational
1,singapore
1,sinaloa
1,simultaneous
1,simorgh
1,similarly
1,silo
1,signs
1,significantly
1,signif
1,signed
1,signal
1,sides
1,si
1,shrinks
1,shown
1,shortfalls
1,shortens
1,shortages
1,short
1,shipping
1,shift
1,shielding
1,shared
1,shaping
1,severely
1,severe
1,seriously
1,serious
1,sensors
1,sensing
1,senior
1,send
1,senate
1,self
1,select
1,seizures
1,segments
1,sectarian
1,secretary
1,secretariat
1,seated
1,seasonal
1,screening
1,scope
1,scientific
1,scheduled
1,saw
1,satellite
1,sap
1,sanaa
1,sana
1,sales
1,sailors
1,saharan
1,safeguarding
1,russians
1,rusal
1,rules
1,ruhani
1,rt
1,rs
1,rpowered
1,royal
1,routine
1,routes
1,ropean
1,role
1,rol
1,rockets
1,rocket
1,robust
1,roads
1,rms
1,rm
1,rks
1,risin
1,rich
1,reward
1,reversibly
1,reversibl
1,reversed
1,retrenchment
1,retention
1,retaliation
1,retake
1,resurgence
1,resulted
1,rests
1,restructuring
1,restored
1,restore
1,responses
1,respond
1,respective
1,resonance
1,resolve
1,resolution
1,resist
1,resilience
1,resign
1,resident
1,reshape
1,reserve
1,research
1,requiring
1,repression
1,representatives
1,repercussions
1,repelling
1,repeatedly
1,rep
1,renewed
1,remai
1,religion
1,reliant
1,reliable
1,relatively
1,relating
1,regulatory
1,regular
1,registration
1,registered
1,regimes
1,regarding
1,reforestation
1,reflecting
1,reflect
1,refined
1,refine
1,reestablishing
1,reductions
1,reduction
1,redirect
1,red
1,recruitment
1,recruiting
1,recovering
1,reconnect
1,reconnaissance
1,recommitting
1,recommendations
1,recognition
1,reclaim
1,recedes
1,recaptures
1,recaptured
1,recalcitrance
1,rebel
1,reatens
1,reasserting
1,reasserted
1,realizes
1,realignment
1,real
1,reaction
1,rctic
1,rbi
1,raul
1,rations
1,ratifying
1,ratified
1,raqi
1,ransom
1,rakhine
1,rakhi
1,raising
1,raise
1,rains
1,rail
1,radicalizing
1,racial
1,quo
1,quickly
1,question
1,puts
1,puti
1,put
1,pushing
1,pushback
1,purity
1,pulled
1,publicized
1,pu
1,pture
1,proximity
1,proxies
1,province
1,provides
1,provided
1,prove
1,protecting
1,proscri
1,proprietary
1,proposals
1,promotion
1,promoting
1,promot
1,promise
1,prominence
1,prolonged
1,projects
1,prohibited
1,profit
1,profile
1,professional
1,productive
1,product
1,produced
1,processes
1,prob
1,privileged
1,printed
1,price
1,pressuring
1,pressures
1,preserve
1,presents
1,presenting
1,presented
1,preparing
1,prepare
1,preparations
1,preparation
1,preferring
1,preference
1,preemptively
1,precision
1,precipitous
1,pre
1,praise
1,practical
1,pr
1,pound
1,potentially
1,posture
1,postings
1,possibility
1,positive
1,positioning
1,positioned
1,poroshenko
1,poorly
1,pool
1,pollution
1,polit
1,policymakers
1,poli
1,poised
1,point
1,poaching
1,pnt
1,plots
1,pledged
1,playe
1,plausible
1,plateaued
1,plastic
1,planned
1,places
1,place
1,pla
1,pkk
1,pipeline
1,pillar
1,pilfering
1,persuasion
1,persuaded
1,personally
1,person
1,perpetrating
1,periods
1,peri
1,performing
1,perform
1,perception
1,perceives
1,per
1,peopl
1,pension
1,penetrating
1,penetrate
1,pean
1,peacekeeping
1,patterns
1,pathogens
1,pathogen
1,path
1,parts
1,partnership
1,parties
1,particular
1,particu
1,participating
1,participants
1,partial
1,parliamentary
1,paris
1,paratus
1,parameters
1,parade
1,pandemic
1,panama
1,pacity
1,owing
1,overlap
1,overdoses
1,overcome
1,overa
1,outreach
1,ousting
1,ound
1,others
1,otal
1,ot
1,ose
1,originate
1,originally
1,organi
1,orchestrating
1,orcement
1,optical
1,opioids
1,operationally
1,operation
1,opens
1,openness
1,ope
1,ootprint
1,ontinue
1,ong
1,oman
1,often
1,ofservice
1,ofgovernment
1,official
1,oerced
1,od
1,october
1,oceans
1,oceania
1,occurred
1,occur
1,observed
1,obligations
1,objective
1,obert
1,nweaponization
1,nuclea
1,nuanced
1,nthetic
1,ns
1,novichok
1,november
1,notion
1,note
1,northwestern
1,northward
1,nort
1,normalizing
1,normalize
1,nonweaponization
1,nonstrategic
1,nonlethal
1,nonetheless
1,noncompliance
1,nomic
1,nodes
1,nodeal
1,ning
1,niger
1,nicolas
1,nicaragua
1,nexus
1,newly
1,newfound
1,newcomers
1,nevertheless
1,neuroscience
1,netwo
1,nerve
1,negotiating
1,negotiate
1,negative
1,needed
1,necessarily
1,necessar
1,navigate
1,navig
1,nature
1,nationals
1,nationalism
1,nascent
1,narrow
1,narratives
1,narrative
1,narendra
1,narcotics
1,nagorno
1,must
1,muslimin
1,murder
1,multiyear
1,multinational
1,mul
1,ms
1,mounting
1,motivation
1,mosquitos
1,moon
1,month
1,monitoring
1,monitor
1,moment
1,mois
1,modi
1,modernized
1,modern
1,model
1,mobile
1,mmunication
1,mixed
1,mit
1,misunderstanding
1,missions
1,mission
1,misperceptions
1,mismanagement
1,misinterpretation
1,miscalculation
1,misattributions
1,mis
1,mirziyoyev
1,minority
1,ministry
1,mining
1,minimum
1,mines
1,minds
1,minded
1,millions
1,militia
1,militar
1,militants
1,milit
1,miguel
1,midjuly
1,methods
1,methamphetamine
1,methadone
1,met
1,messaging
1,messages
1,merchant
1,member
1,meeting
1,medium
1,mediterranean
1,medicine
1,mediate
1,mechanisms
1,measles
1,mauritania
1,massive
1,market
1,marine
1,marijuana
1,margina
1,mapping
1,manufactured
1,manufacture
1,manuel
1,manipulating
1,manipulate
1,maneuvering
1,maneuverable
1,mandeb
1,management
1,malign
1,majority
1,mainstream
1,magnitude
1,mage
1,machines
1,machine
1,lying
1,lvage
1,lure
1,loyal
1,lowest
1,loss
1,lop
1,looking
1,look
1,longer
1,loc
1,lobbying
1,lly
1,lized
1,lities
1,list
1,liquefied
1,linkages
1,ling
1,line
1,likelihood
1,lik
1,life
1,licit
1,liberties
1,li
1,levinson
1,lesser
1,lend
1,legitimate
1,legislature
1,lebanese
1,learning
1,learn
1,leak
1,ld
1,lay
1,laws
1,lawand
1,latin
1,laser
1,larly
1,landslide
1,landscape
1,lacks
1,lacking
1,lac
1,labor
1,kurdistan
1,kind
1,kidnapping
1,khashoggi
1,khartoum
1,kept
1,kashmir
1,karabakh
1,justify
1,ju
1,journey
1,journalist
1,jordan
1,joint
1,job
1,jnim
1,jihadists
1,japan
1,jan
1,jamal
1,jalisco
1,jae
1,iveness
1,ive
1,ivan
1,itional
1,ited
1,istic
1,istent
1,ist
1,isra
1,isolated
1,islands
1,islamization
1,islamist
1,islamic
1,islam
1,isi
1,irreversible
1,iranians
1,ions
1,involving
1,involves
1,invitation
1,intrareg
1,intimidation
1,intimidate
1,interventions
1,intervening
1,internet
1,interna
1,intermittently
1,intermediate
1,interm
1,intergovernmental
1,intercontinental
1,intensifying
1,intensify
1,intensified
1,intensely
1,intends
1,integration
1,integr
1,insurgent
1,insurgency
1,instruments
1,institutionalizing
1,instituting
1,instead
1,instances
1,installed
1,insight
1,insecuri
1,insecticides
1,ins
1,innovations
1,innovation
1,initiatives
1,initiati
1,initial
1,inhospitable
1,ingdom
1,infrastructur
1,infra
1,informants
1,informal
1,informa
1,infe
1,inf
1,inevitable
1,industries
1,industrial
1,indonesia
1,individual
1,indicator
1,independence
1,incursion
1,incremental
1,increases
1,inconsistent
1,incons
1,income
1,incite
1,incident
1,incentives
1,incentive
1,incapacitate
1,inaugurated
1,inated
1,inancially
1,inadequate
1,improvi
1,improved
1,imports
1,importance
1,implicitly
1,implication
1,impediments
1,impedes
1,impede
1,impacts
1,immediately
1,imitate
1,illicitly
1,illici
1,illegal
1,ii
1,igovernment
1,ies
1,ier
1,idps
1,idlib
1,ideologues
1,ideological
1,identify
1,identifiable
1,idea
1,iddle
1,ich
1,ices
1,icbms
1,icant
1,ical
1,ica
1,ia
1,hyperinflation
1,hurting
1,hurt
1,hundreds
1,humans
1,hre
1,hours
1,hostility
1,hostilities
1,horn
1,hoping
1,hopes
1,honored
1,honing
1,honduras
1,historic
1,hinder
1,highs
1,highlight
1,highe
1,hig
1,hexafluoride
1,heroin
1,hemisphe
1,help
1,heist
1,heights
1,heightened
1,hedging
1,hectares
1,heavy
1,heat
1,headwinds
1,hazards
1,hasan
1,harnessing
1,hardening
1,hardened
1,harassment
1,haram
1,handle
1,ham
1,halted
1,haiti
1,hacktivist
1,hack
1,habitats
1,gunrunning
1,gulen
1,guards
1,grows
1,grown
1,growi
1,groundwork
1,gro
1,gripped
1,grew
1,gree
1,gr
1,gps
1,governmental
1,governed
1,gove
1,gov
1,golan
1,goals
1,gns
1,gna
1,globally
1,glide
1,given
1,gions
1,geosynchronous
1,geometries
1,gentina
1,generatio
1,generated
1,generate
1,general
1,gene
1,ge
1,gdp
1,gathering
1,garnered
1,gap
1,gaofen
1,gangs
1,gainin
1,gained
1,furthermore
1,funding
1,fundamentals
1,fue
1,frustrate
1,frustrat
1,frictions
1,free
1,fraying
1,france
1,framework
1,fragmented
1,fr
1,found
1,fostering
1,forthcoming
1,formulation
1,forms
1,formation
1,form
1,foreshadow
1,forecast
1,forcibly
1,forced
1,footprint
1,foment
1,foll
1,foiled
1,fluence
1,flu
1,flows
1,flown
1,flow
1,flight
1,flashpoints
1,flagging
1,fixed
1,five
1,fit
1,fissile
1,fishing
1,fiscal
1,firing
1,fire
1,find
1,financing
1,financially
1,fill
1,files
1,fight
1,fifth
1,fielding
1,ficult
1,fethullah
1,felt
1,federal
1,feasible
1,fbi
1,fatalities
1,fashion
1,farc
1,false
1,fallin
1,fall
1,fakes
1,factors
1,factions
1,facility
1,facilities
1,facilitate
1,facilitat
1,facial
1,faci
1,ez
1,eyes
1,extrajudicial
1,extortion
1,extort
1,extending
1,extend
1,exporting
1,exploring
1,exploiting
1,explicit
1,explanation
1,experimented
1,experienced
1,experience
1,expense
1,exit
1,existential
1,exerting
1,exercises
1,exemplified
1,executing
1,exchanges
1,exchange
1,exacerbate
1,evolving
1,every
1,everunderscores
1,ever
1,eventually
1,eventual
1,events
1,evaporates
1,ev
1,euro
1,eueconomic
1,ethods
1,ethiopian
1,ests
1,establishment
1,established
1,establish
1,essential
1,espiona
1,especia
1,escalate
1,es
1,errors
1,erodes
1,ernance
1,eritrean
1,eritrea
1,equipping
1,equipment
1,eport
1,environm
1,entrench
1,entire
1,enterprises
1,ented
1,enrichment
1,enjoy
1,enhanced
1,enhance
1,engineered
1,engineer
1,engine
1,engaging
1,enf
1,enemies
1,ened
1,enduring
1,ending
1,encrypted
1,encouragement
1,encourage
1,enabling
1,enables
1,en
1,employment
1,employed
1,emergency
1,embolden
1,em
1,ely
1,elite
1,eliminated
1,eli
1,elevating
1,electroni
1,electrical
1,electorate
1,electoral
1,electio
1,eight
1,egypt
1,egations
1,eff
1,editing
1,ediate
1,edia
1,ecurity
1,ects
1,economiccompetitiveness
1,ecological
1,eco
1,dualuse
1,dual
1,driving
1,driven
1,drain
1,dozen
1,downside
1,doubts
1,doubling
1,dominate
1,dominant
1,dominance
1,domestically
1,dle
1,djibouti
1,divisive
1,divisions
1,dividing
1,divide
1,diverse
1,distu
1,distress
1,distance
1,dissuade
1,disr
1,disputed
1,disproportionate
1,displacing
1,dispersed
1,disinformation
1,disenchanted
1,discuss
1,discourages
1,discont
1,disclosures
1,disclose
1,disarmament
1,disagreements
1,disability
1,directives
1,directed
1,diplomacy
1,diphtheria
1,dincluding
1,diminish
1,digital
1,difficulties
1,dif
1,dian
1,dhs
1,devices
1,developments
1,detriment
1,deterrent
1,detention
1,detection
1,detainment
1,detain
1,detail
1,destroying
1,destabilizing
1,destabilization
1,desktop
1,desire
1,designer
1,designed
1,derived
1,depressed
1,depreciations
1,deployments
1,deplete
1,dependent
1,dependence
1,depend
1,density
1,denom
1,denia
1,demonstrated
1,democratization
1,deletion
1,delays
1,delay
1,degraded
1,defuse
1,definitions
1,definition
1,deficits
1,defensive
1,defeat
1,defe
1,defacing
1,deepening
1,deepened
1,deems
1,decreasing
1,decreased
1,declining
1,declined
1,declare
1,decision
1,decide
1,deceased
1,decades
1,deaths
1,death
1,deals
1,deadline
1,dead
1,day
1,date
1,dampened
1,dampen
1,damascus
1,da
1,cybercrime
1,cutting
1,cuts
1,cut
1,currying
1,currently
1,currency
1,cultural
1,cuban
1,ctious
1,cryptocurrencies
1,criticizing
1,criticism
1,crimes
1,crimea
1,credit
1,creates
1,creasingly
1,cover
1,counts
1,counterweight
1,counterspa
1,counterpressure
1,counterparts
1,coun
1,corrosive
1,correct
1,corps
1,corporations
1,corporate
1,cooperate
1,convincing
1,converge
1,convention
1,convent
1,contributed
1,contract
1,continual
1,continent
1,conti
1,contentious
1,contains
1,contain
1,contagious
1,contacted
1,cont
1,construction
1,constraints
1,constrain
1,constitution
1,constituencies
1,consti
1,constant
1,consolidating
1,consolidates
1,consistent
1,consider
1,conservative
1,consequence
1,connected
1,connect
1,conjunction
1,confronting
1,confrontational
1,conference
1,conditions
1,condemnation
1,concludes
1,concerns
1,computing
1,computer
1,compromising
1,compounding
1,compound
1,components
1,comply
1,compliant
1,complement
1,competitor
1,competit
1,compete
1,company
1,commitments
1,commercially
1,comin
1,comfortable
1,combine
1,combination
1,colombian
1,collapsed
1,cognition
1,coerce
1,cocaine
1,coastal
1,co
1,cluded
1,closely
1,clerics
1,clearing
1,cleansing
1,classified
1,clashes
1,clandestine
1,claim
1,civilian
1,cities
1,ci
1,christians
1,chinas
1,chemicals
1,checks
1,characterize
1,changing
1,changed
1,chad
1,ch
1,certain
1,cert
1,centrists
1,centrist
1,centrifuges
1,centralized
1,censor
1,cease
1,ce
1,causing
1,causes
1,castro
1,case
1,carry
1,carriers
1,carried
1,caravans
1,caracas
1,capitalize
1,cannabis
1,canel
1,calls
1,calling
1,called
1,cabinet
1,bw
1,burr
1,buoyed
1,buoy
1,built
1,bstitution
1,broadly
1,broader
1,bringing
1,brent
1,branches
1,borde
1,bomber
1,bolivia
1,boko
1,body
1,bodies
1,boats
1,block
1,blind
1,bleak
1,blaming
1,black
1,biometrics
1,biology
1,biodiversity
1,billions
1,bility
1,benefiting
1,benefit
1,bene
1,believe
1,belgium
1,behavior
1,behave
1,begun
1,began
1,becomi
1,basing
1,bashar
1,banks
1,banking
1,ball
1,balance
1,balanc
1,bal
1,backyards
1,backtrack
1,bab
1,azov
1,azerbaijan
1,away
1,awareness
1,autocrats
1,authorize
1,authority
1,australia
1,august
1,augment
1,audio
1,attracting
1,attendees
1,attempts
1,attempting
1,attempted
1,att
1,ats
1,atomic
1,ational
1,ating
1,ates
1,association
1,associated
1,assertive
1,assert
1,assaults
1,aspects
1,asean
1,artillery
1,arrested
1,armenia
1,ar
1,april
1,approaches
1,approach
1,appointments
1,applying
1,applications
1,applicable
1,appeal
1,apparently
1,apparatus
1,apart
1,ap
1,anything
1,antisatellite
1,antimalarial
1,anticorruption
1,ant
1,another
1,annually
1,annual
1,announced
1,ankara
1,animate
1,animal
1,andres
1,anding
1,anded
1,ance
1,analys
1,amo
1,amisom
1,amid
1,amendment
1,ambitious
1,aluminum
1,alth
1,alternative
1,altering
1,als
1,alqaida
1,along
1,ally
1,allowed
1,allowable
1,alliances
1,allenges
1,alleged
1,alike
1,align
1,alienate
1,alien
1,akp
1,ajor
1,aircraft
1,airbase
1,ainly
1,aimed
1,ahvaz
1,agriculture
1,agreed
1,aggravated
1,ag
1,aftermath
1,afr
1,affords
1,affirmed
1,affiliates
1,affiliated
1,affairs
1,aeoi
1,advisers
1,advancing
1,adoption
1,administration
1,adjusted
1,adhere
1,adept
1,addresses
1,addressed
1,add
1,activists
1,activism
1,activi
1,action
1,act
1,acquisitions
1,acks
1,acknowledged
1,acknowledge
1,acidifying
1,achievable
1,accurate
1,account
1,accordance
1,accomplishment
1,accessible
1,accept
1,acceleratin
1,abuja
1,ably
1,abilit
1,abating
